Workbook

Sheet Data
A1: Self-contained snapshot of the cleaned/prepared regression dataset (320 rows). The comparison table on the next sheet computes live from this data using LINEST, independent of any other file.
A2: store_id | B2: region | C2: store_type | D2: marketing_spend | E2: footfall | F2: avg_discount_pct | G2: inventory_availability_pct | H2: customer_rating_clean | I2: monthly_sales | J2: store_type_Mall | K2: store_type_Residential | L2: store_type_Airport | P2: mr1_footfall | Q2: mr1_marketing_spend | R2: mr1_inventory_availability_pct | S2: mr1_store_type_Mall | T2: mr1_store_type_Residential | U2: mr1_store_type_Airport | W2: mr2_footfall | X2: mr2_marketing_spend | Y2: mr2_inventory_availability_pct | Z2: mr2_avg_discount_pct | AA2: mr2_customer_rating_clean | AB2: mr2_store_type_Mall | AC2: mr2_store_type_Residential | AD2: mr2_store_type_Airport
A3: STR-1001 | B3: East | C3: Residential | D3: 70389.11 | E3: 8302 | F3: 0.042 | G3: 75 | H3: 3.1 | I3: 658832.62 | J3: 0 | K3: 1 | L3: 0 | P3: =E3 -> 8302 | Q3: =D3 -> 70389.11 | R3: =G3 -> 75 | S3: =J3 -> 0 | T3: =K3 -> 1 | U3: =L3 -> 0 | W3: =E3 -> 8302 | X3: =D3 -> 70389.11 | Y3: =G3 -> 75 | Z3: =F3 -> 0.042 | AA3: =H3 -> 3.1 | AB3: =J3 -> 0 | AC3: =K3 -> 1 | AD3: =L3 -> 0
A4: STR-1001 | B4: East | C4: Residential | D4: 43827.89 | E4: 8487 | F4: 0.168 | G4: 84.4 | H4: 2.8 | I4: 634436 | J4: 0 | K4: 1 | L4: 0 | P4: =E4 -> 8487 | Q4: =D4 -> 43827.89 | R4: =G4 -> 84.4 | S4: =J4 -> 0 | T4: =K4 -> 1 | U4: =L4 -> 0 | W4: =E4 -> 8487 | X4: =D4 -> 43827.89 | Y4: =G4 -> 84.4 | Z4: =F4 -> 0.168 | AA4: =H4 -> 2.8 | AB4: =J4 -> 0 | AC4: =K4 -> 1 | AD4: =L4 -> 0
A5: STR-1001 | B5: East | C5: Residential | D5: 59921.75 | E5: 9113 | F5: 0.133 | G5: 88 | H5: 3.2 | I5: 678722.06 | J5: 0 | K5: 1 | L5: 0 | P5: =E5 -> 9113 | Q5: =D5 -> 59921.75 | R5: =G5 -> 88 | S5: =J5 -> 0 | T5: =K5 -> 1 | U5: =L5 -> 0 | W5: =E5 -> 9113 | X5: =D5 -> 59921.75 | Y5: =G5 -> 88 | Z5: =F5 -> 0.133 | AA5: =H5 -> 3.2 | AB5: =J5 -> 0 | AC5: =K5 -> 1 | AD5: =L5 -> 0
A6: STR-1001 | B6: East | C6: Residential | D6: 56856.63 | E6: 9431 | F6: 0.142 | G6: 86.9 | H6: 3.4 | I6: 658920.3 | J6: 0 | K6: 1 | L6: 0 | P6: =E6 -> 9431 | Q6: =D6 -> 56856.63 | R6: =G6 -> 86.9 | S6: =J6 -> 0 | T6: =K6 -> 1 | U6: =L6 -> 0 | W6: =E6 -> 9431 | X6: =D6 -> 56856.63 | Y6: =G6 -> 86.9 | Z6: =F6 -> 0.142 | AA6: =H6 -> 3.4 | AB6: =J6 -> 0 | AC6: =K6 -> 1 | AD6: =L6 -> 0
A7: STR-1002 | B7: East | C7: High Street | D7: 48412.64 | E7: 9545 | F7: 0.231 | G7: 97.6 | H7: 4.2 | I7: 741341.44 | J7: 0 | K7: 0 | L7: 0 | P7: =E7 -> 9545 | Q7: =D7 -> 48412.64 | R7: =G7 -> 97.6 | S7: =J7 -> 0 | T7: =K7 -> 0 | U7: =L7 -> 0 | W7: =E7 -> 9545 | X7: =D7 -> 48412.64 | Y7: =G7 -> 97.6 | Z7: =F7 -> 0.231 | AA7: =H7 -> 4.2 | AB7: =J7 -> 0 | AC7: =K7 -> 0 | AD7: =L7 -> 0
A8: STR-1002 | B8: East | C8: High Street | D8: 64811.21 | E8: 9792 | F8: 0.112 | G8: 84.2 | H8: 4.2 | I8: 761835.34 | J8: 0 | K8: 0 | L8: 0 | P8: =E8 -> 9792 | Q8: =D8 -> 64811.21 | R8: =G8 -> 84.2 | S8: =J8 -> 0 | T8: =K8 -> 0 | U8: =L8 -> 0 | W8: =E8 -> 9792 | X8: =D8 -> 64811.21 | Y8: =G8 -> 84.2 | Z8: =F8 -> 0.112 | AA8: =H8 -> 4.2 | AB8: =J8 -> 0 | AC8: =K8 -> 0 | AD8: =L8 -> 0
A9: STR-1002 | B9: East | C9: High Street | D9: 46213.45 | E9: 10616 | F9: 0.122 | G9: 85.2 | H9: 4.1 | I9: 806615.54 | J9: 0 | K9: 0 | L9: 0 | P9: =E9 -> 10616 | Q9: =D9 -> 46213.45 | R9: =G9 -> 85.2 | S9: =J9 -> 0 | T9: =K9 -> 0 | U9: =L9 -> 0 | W9: =E9 -> 10616 | X9: =D9 -> 46213.45 | Y9: =G9 -> 85.2 | Z9: =F9 -> 0.122 | AA9: =H9 -> 4.1 | AB9: =J9 -> 0 | AC9: =K9 -> 0 | AD9: =L9 -> 0
A10: STR-1002 | B10: East | C10: High Street | D10: 68148.52 | E10: 8567 | F10: 0.127 | G10: 95.6 | H10: 3.9 | I10: 850164.26 | J10: 0 | K10: 0 | L10: 0 | P10: =E10 -> 8567 | Q10: =D10 -> 68148.52 | R10: =G10 -> 95.6 | S10: =J10 -> 0 | T10: =K10 -> 0 | U10: =L10 -> 0 | W10: =E10 -> 8567 | X10: =D10 -> 68148.52 | Y10: =G10 -> 95.6 | Z10: =F10 -> 0.127 | AA10: =H10 -> 3.9 | AB10: =J10 -> 0 | AC10: =K10 -> 0 | AD10: =L10 -> 0
A11: STR-1003 | B11: North | C11: Airport | D11: 71838.86 | E11: 10979 | F11: 0.215 | G11: 88.6 | H11: 3.8 | I11: 930581.7 | J11: 0 | K11: 0 | L11: 1 | P11: =E11 -> 10979 | Q11: =D11 -> 71838.86 | R11: =G11 -> 88.6 | S11: =J11 -> 0 | T11: =K11 -> 0 | U11: =L11 -> 1 | W11: =E11 -> 10979 | X11: =D11 -> 71838.86 | Y11: =G11 -> 88.6 | Z11: =F11 -> 0.215 | AA11: =H11 -> 3.8 | AB11: =J11 -> 0 | AC11: =K11 -> 0 | AD11: =L11 -> 1
A12: STR-1003 | B12: North | C12: Airport | D12: 68133.44 | E12: 9459 | F12: 0.22 | G12: 85 | H12: 4.2 | I12: 779010.94 | J12: 0 | K12: 0 | L12: 1 | P12: =E12 -> 9459 | Q12: =D12 -> 68133.44 | R12: =G12 -> 85 | S12: =J12 -> 0 | T12: =K12 -> 0 | U12: =L12 -> 1 | W12: =E12 -> 9459 | X12: =D12 -> 68133.44 | Y12: =G12 -> 85 | Z12: =F12 -> 0.22 | AA12: =H12 -> 4.2 | AB12: =J12 -> 0 | AC12: =K12 -> 0 | AD12: =L12 -> 1
A13: STR-1003 | B13: North | C13: Airport | D13: 34285.21 | E13: 9172 | F13: 0.213 | G13: 88.3 | H13: 3.8 | I13: 723060.76 | J13: 0 | K13: 0 | L13: 1 | P13: =E13 -> 9172 | Q13: =D13 -> 34285.21 | R13: =G13 -> 88.3 | S13: =J13 -> 0 | T13: =K13 -> 0 | U13: =L13 -> 1 | W13: =E13 -> 9172 | X13: =D13 -> 34285.21 | Y13: =G13 -> 88.3 | Z13: =F13 -> 0.213 | AA13: =H13 -> 3.8 | AB13: =J13 -> 0 | AC13: =K13 -> 0 | AD13: =L13 -> 1
A14: STR-1003 | B14: North | C14: Airport | D14: 67979.88 | E14: 11230 | F14: 0.002 | G14: 85.3 | H14: 3.8 | I14: 910791.94 | J14: 0 | K14: 0 | L14: 1 | P14: =E14 -> 11230 | Q14: =D14 -> 67979.88 | R14: =G14 -> 85.3 | S14: =J14 -> 0 | T14: =K14 -> 0 | U14: =L14 -> 1 | W14: =E14 -> 11230 | X14: =D14 -> 67979.88 | Y14: =G14 -> 85.3 | Z14: =F14 -> 0.002 | AA14: =H14 -> 3.8 | AB14: =J14 -> 0 | AC14: =K14 -> 0 | AD14: =L14 -> 1
... A322: STR-1080 | B322: East | C322: Residential | D322: 40553.11 | E322: 5317 | F322: 0.165 | G322: 84.3 | H322: 4.1 | I322: 559660.84 | J322: 0 | K322: 1 | L322: 0 | P322: =E322 -> 5317 | Q322: =D322 -> 40553.11 | R322: =G322 -> 84.3 | S322: =J322 -> 0 | T322: =K322 -> 1 | U322: =L322 -> 0 | W322: =E322 -> 5317 | X322: =D322 -> 40553.11 | Y322: =G322 -> 84.3 | Z322: =F322 -> 0.165 | AA322: =H322 -> 4.1 | AB322: =J322 -> 0 | AC322: =K322 -> 1 | AD322: =L322 -> 0

Sheet Model_Comparison_Summary
A1: Regression Model Comparison Summary
A3: All R-squared, coefficient and p-value figures are live LINEST()-based formulas computed directly from the embedded Data sheet in this workbook - this file is fully self-contained and does not link to any other file.
A5: Model | B5: Independent Variable(s) | C5: N | D5: R-squared | E5: Adj. R-squared | F5: Key p-value(s) | G5: Significant at 5%?
A6: Simple 1 | B6: footfall | C6: =COUNT(Data!$I$3:I$322) -> 320 | D6: =INDEX(LINEST(Data!$I$3:I$322,Data!$E$3:E$322,TRUE(),TRUE()),3,1) -> 0.73628534 | E6: n/a (1 predictor) | F6: =TDIST(ABS((INDEX(LINEST(Data!$I$3:I$322,Data!$E$3:E$322,TRUE(),TRUE()),1,1)/INDEX(LINEST(Data!$I$3:I$322,Data!$E$3:E$322,TRUE(),TRUE()),2,1))),INDEX(LINEST(Data!$I$3:I$322,Data!$E$3:E$322,TRUE(),TRUE()),4,2),2) -> 4.7503615e-94 | G6: =IF(F6<0.05,"Yes","No") -> Yes
A7: Simple 2 | B7: marketing_spend | C7: =COUNT(Data!$I$3:I$322) -> 320 | D7: =INDEX(LINEST(Data!$I$3:I$322,Data!$D$3:D$322,TRUE(),TRUE()),3,1) -> 0.16724469 | E7: n/a (1 predictor) | F7: =TDIST(ABS((INDEX(LINEST(Data!$I$3:I$322,Data!$D$3:D$322,TRUE(),TRUE()),1,1)/INDEX(LINEST(Data!$I$3:I$322,Data!$D$3:D$322,TRUE(),TRUE()),2,1))),INDEX(LINEST(Data!$I$3:I$322,Data!$D$3:D$322,TRUE(),TRUE()),4,2),2) -> 2.4800615e-14 | G7: =IF(F7<0.05,"Yes","No") -> Yes
A8: Simple 3 | B8: avg_discount_pct | C8: =COUNT(Data!$I$3:I$322) -> 320 | D8: =INDEX(LINEST(Data!$I$3:I$322,Data!$F$3:F$322,TRUE(),TRUE()),3,1) -> 0.008290503 | E8: n/a (1 predictor) | F8: =TDIST(ABS((INDEX(LINEST(Data!$I$3:I$322,Data!$F$3:F$322,TRUE(),TRUE()),1,1)/INDEX(LINEST(Data!$I$3:I$322,Data!$F$3:F$322,TRUE(),TRUE()),2,1))),INDEX(LINEST(Data!$I$3:I$322,Data!$F$3:F$322,TRUE(),TRUE()),4,2),2) -> 0.10399305 | G8: =IF(F8<0.05,"Yes","No") -> No
A9: Simple 4 | B9: inventory_availability_pct | C9: =COUNT(Data!$I$3:I$322) -> 320 | D9: =INDEX(LINEST(Data!$I$3:I$322,Data!$G$3:G$322,TRUE(),TRUE()),3,1) -> 0.013115016 | E9: n/a (1 predictor) | F9: =TDIST(ABS((INDEX(LINEST(Data!$I$3:I$322,Data!$G$3:G$322,TRUE(),TRUE()),1,1)/INDEX(LINEST(Data!$I$3:I$322,Data!$G$3:G$322,TRUE(),TRUE()),2,1))),INDEX(LINEST(Data!$I$3:I$322,Data!$G$3:G$322,TRUE(),TRUE()),4,2),2) -> 0.040625297 | G9: =IF(F9<0.05,"Yes","No") -> Yes
A10: Simple 5 | B10: customer_rating_clean | C10: =COUNT(Data!$I$3:I$322) -> 320 | D10: =INDEX(LINEST(Data!$I$3:I$322,Data!$H$3:H$322,TRUE(),TRUE()),3,1) -> 0.00074172453 | E10: n/a (1 predictor) | F10: =TDIST(ABS((INDEX(LINEST(Data!$I$3:I$322,Data!$H$3:H$322,TRUE(),TRUE()),1,1)/INDEX(LINEST(Data!$I$3:I$322,Data!$H$3:H$322,TRUE(),TRUE()),2,1))),INDEX(LINEST(Data!$I$3:I$322,Data!$H$3:H$322,TRUE(),TRUE()),4,2),2) -> 0.62741303 | G10: =IF(F10<0.05,"Yes","No") -> No
A11: Multiple 1 (Core) | B11: footfall, marketing_spend, inventory_availability_pct, store_type dummies (3) | C11: =COUNT(Data!$I$3:I$322) -> 320 | D11: =INDEX(LINEST(Data!$I$3:I$322,Data!$P$3:U$322,TRUE(),TRUE()),3,1) -> 0.81992019 | E11: =1-((1-D11)*(C11-1)/(C11-6-1)) -> 0.81646818 | F11: ="Highest term p-value: "&TEXT(MAX(TDIST(ABS(INDEX(LINEST(Data!$I$3:I$322,Data!$P$3:U$322,TRUE(),TRUE()),1,6)/INDEX(LINEST(Data!$I$3:I$322,Data!$P$3:U$322,TRUE(),TRUE()),2,6)),INDEX(LINEST(Data!$I$3:I$322,Data!$P$3:U$322,TRUE(),TRUE()),4,2),2),TDIST(ABS(INDEX(LINEST(Data!$I$3:I$322,Data!$P$3:U$322,TRUE(),TRUE()),1,5)/INDEX(LINEST(Data!$I$3:I$322,Data!$P$3:U$322,TRUE(),TRUE()),2,5)),INDEX(LINEST(Data!$I$3:I$322,Data!$P$3:U$322,TRUE(),TRUE()),4,2),2),TDIST(ABS(INDEX(LINEST(Data!$I$3:I$322,Data!$P$3:U$322,TRUE(),TRUE()),1,4)/INDEX(LINEST(Data!$I$3:I$322,Data!$P$3:U$322,TRUE(),TRUE()),2,4)),INDEX(LINEST(Data!$I$3:I$322,Data!$P$3:U$322,TRUE(),TRUE()),4,2),2),TDIST(ABS(INDEX(LINEST(Data!$I$3:I$322,Data!$P$3:U$322,TRUE(),TRUE()),1,3)/INDEX(LINEST(Data!$I$3:I$322,Data!$P$3:U$322,TRUE(),TRUE()),2,3)),INDEX(LINEST(Data!$I$3:I$322,Data!$P$3:U$322,TRUE(),TRUE()),4,2),2),TDIST(ABS(INDEX(LINEST(Data!$I$3:I$322,Data!$P$3:U$322,TRUE(),TRUE()),1,2)/INDEX(LINEST(Data!$I$3:I$322,Data!$P$3:U$322,TRUE(),TRUE()),2,2)),INDEX(LINEST(Data!$I$3:I$322,Data!$P$3:U$322,TRUE(),TRUE()),4,2),2),TDIST(ABS(INDEX(LINEST(Data!$I$3:I$322,Data!$P$3:U$322,TRUE(),TRUE()),1,1)/INDEX(LINEST(Data!$I$3:I$322,Data!$P$3:U$322,TRUE(),TRUE()),2,1)),INDEX(LINEST(Data!$I$3:I$322,Data!$P$3:U$322,TRUE(),TRUE()),4,2),2)),"0.0000") -> Highest term p-value: 0.0782 | G11: =IF(MAX(TDIST(ABS(INDEX(LINEST(Data!$I$3:I$322,Data!$P$3:U$322,TRUE(),TRUE()),1,6)/INDEX(LINEST(Data!$I$3:I$322,Data!$P$3:U$322,TRUE(),TRUE()),2,6)),INDEX(LINEST(Data!$I$3:I$322,Data!$P$3:U$322,TRUE(),TRUE()),4,2),2),TDIST(ABS(INDEX(LINEST(Data!$I$3:I$322,Data!$P$3:U$322,TRUE(),TRUE()),1,5)/INDEX(LINEST(Data!$I$3:I$322,Data!$P$3:U$322,TRUE(),TRUE()),2,5)),INDEX(LINEST(Data!$I$3:I$322,Data!$P$3:U$322,TRUE(),TRUE()),4,2),2),TDIST(ABS(INDEX(LINEST(Data!$I$3:I$322,Data!$P$3:U$322,TRUE(),TRUE()),1,4)/INDEX(LINEST(Data!$I$3:I$322,Data!$P$3:U$322,TRUE(),TRUE()),2,4)),INDEX(LINEST(Data!$I$3:I$322,Data!$P$3:U$322,TRUE(),TRUE()),4,2),2),TDIST(ABS(INDEX(LINEST(Data!$I$3:I$322,Data!$P$3:U$322,TRUE(),TRUE()),1,3)/INDEX(LINEST(Data!$I$3:I$322,Data!$P$3:U$322,TRUE(),TRUE()),2,3)),INDEX(LINEST(Data!$I$3:I$322,Data!$P$3:U$322,TRUE(),TRUE()),4,2),2),TDIST(ABS(INDEX(LINEST(Data!$I$3:I$322,Data!$P$3:U$322,TRUE(),TRUE()),1,2)/INDEX(LINEST(Data!$I$3:I$322,Data!$P$3:U$322,TRUE(),TRUE()),2,2)),INDEX(LINEST(Data!$I$3:I$322,Data!$P$3:U$322,TRUE(),TRUE()),4,2),2),TDIST(ABS(INDEX(LINEST(Data!$I$3:I$322,Data!$P$3:U$322,TRUE(),TRUE()),1,1)/INDEX(LINEST(Data!$I$3:I$322,Data!$P$3:U$322,TRUE(),TRUE()),2,1)),INDEX(LINEST(Data!$I$3:I$322,Data!$P$3:U$322,TRUE(),TRUE()),4,2),2))<0.05,"All terms significant","Mostly (one term marginal)") -> Mostly (one term marginal)
A12: Multiple 2 (Extended) | B12: Model 1 + avg_discount_pct + customer_rating | C12: =COUNT(Data!$I$3:I$322) -> 320 | D12: =INDEX(LINEST(Data!$I$3:I$322,Data!$W$3:AD$322,TRUE(),TRUE()),3,1) -> 0.82579529 | E12: =1-((1-D12)*(C12-1)/(C12-8-1)) -> 0.82131414 | F12: ="Highest term p-value: "&TEXT(MAX(TDIST(ABS(INDEX(LINEST(Data!$I$3:I$322,Data!$W$3:AD$322,TRUE(),TRUE()),1,8)/INDEX(LINEST(Data!$I$3:I$322,Data!$W$3:AD$322,TRUE(),TRUE()),2,8)),INDEX(LINEST(Data!$I$3:I$322,Data!$W$3:AD$322,TRUE(),TRUE()),4,2),2),TDIST(ABS(INDEX(LINEST(Data!$I$3:I$322,Data!$W$3:AD$322,TRUE(),TRUE()),1,7)/INDEX(LINEST(Data!$I$3:I$322,Data!$W$3:AD$322,TRUE(),TRUE()),2,7)),INDEX(LINEST(Data!$I$3:I$322,Data!$W$3:AD$322,TRUE(),TRUE()),4,2),2),TDIST(ABS(INDEX(LINEST(Data!$I$3:I$322,Data!$W$3:AD$322,TRUE(),TRUE()),1,6)/INDEX(LINEST(Data!$I$3:I$322,Data!$W$3:AD$322,TRUE(),TRUE()),2,6)),INDEX(LINEST(Data!$I$3:I$322,Data!$W$3:AD$322,TRUE(),TRUE()),4,2),2),TDIST(ABS(INDEX(LINEST(Data!$I$3:I$322,Data!$W$3:AD$322,TRUE(),TRUE()),1,5)/INDEX(LINEST(Data!$I$3:I$322,Data!$W$3:AD$322,TRUE(),TRUE()),2,5)),INDEX(LINEST(Data!$I$3:I$322,Data!$W$3:AD$322,TRUE(),TRUE()),4,2),2),TDIST(ABS(INDEX(LINEST(Data!$I$3:I$322,Data!$W$3:AD$322,TRUE(),TRUE()),1,4)/INDEX(LINEST(Data!$I$3:I$322,Data!$W$3:AD$322,TRUE(),TRUE()),2,4)),INDEX(LINEST(Data!$I$3:I$322,Data!$W$3:AD$322,TRUE(),TRUE()),4,2),2),TDIST(ABS(INDEX(LINEST(Data!$I$3:I$322,Data!$W$3:AD$322,TRUE(),TRUE()),1,3)/INDEX(LINEST(Data!$I$3:I$322,Data!$W$3:AD$322,TRUE(),TRUE()),2,3)),INDEX(LINEST(Data!$I$3:I$322,Data!$W$3:AD$322,TRUE(),TRUE()),4,2),2),TDIST(ABS(INDEX(LINEST(Data!$I$3:I$322,Data!$W$3:AD$322,TRUE(),TRUE()),1,2)/INDEX(LINEST(Data!$I$3:I$322,Data!$W$3:AD$322,TRUE(),TRUE()),2,2)),INDEX(LINEST(Data!$I$3:I$322,Data!$W$3:AD$322,TRUE(),TRUE()),4,2),2),TDIST(ABS(INDEX(LINEST(Data!$I$3:I$322,Data!$W$3:AD$322,TRUE(),TRUE()),1,1)/INDEX(LINEST(Data!$I$3:I$322,Data!$W$3:AD$322,TRUE(),TRUE()),2,1)),INDEX(LINEST(Data!$I$3:I$322,Data!$W$3:AD$322,TRUE(),TRUE()),4,2),2)),"0.0000") -> Highest term p-value: 0.1216 | G12: =IF(MAX(TDIST(ABS(INDEX(LINEST(Data!$I$3:I$322,Data!$W$3:AD$322,TRUE(),TRUE()),1,8)/INDEX(LINEST(Data!$I$3:I$322,Data!$W$3:AD$322,TRUE(),TRUE()),2,8)),INDEX(LINEST(Data!$I$3:I$322,Data!$W$3:AD$322,TRUE(),TRUE()),4,2),2),TDIST(ABS(INDEX(LINEST(Data!$I$3:I$322,Data!$W$3:AD$322,TRUE(),TRUE()),1,7)/INDEX(LINEST(Data!$I$3:I$322,Data!$W$3:AD$322,TRUE(),TRUE()),2,7)),INDEX(LINEST(Data!$I$3:I$322,Data!$W$3:AD$322,TRUE(),TRUE()),4,2),2),TDIST(ABS(INDEX(LINEST(Data!$I$3:I$322,Data!$W$3:AD$322,TRUE(),TRUE()),1,6)/INDEX(LINEST(Data!$I$3:I$322,Data!$W$3:AD$322,TRUE(),TRUE()),2,6)),INDEX(LINEST(Data!$I$3:I$322,Data!$W$3:AD$322,TRUE(),TRUE()),4,2),2),TDIST(ABS(INDEX(LINEST(Data!$I$3:I$322,Data!$W$3:AD$322,TRUE(),TRUE()),1,5)/INDEX(LINEST(Data!$I$3:I$322,Data!$W$3:AD$322,TRUE(),TRUE()),2,5)),INDEX(LINEST(Data!$I$3:I$322,Data!$W$3:AD$322,TRUE(),TRUE()),4,2),2),TDIST(ABS(INDEX(LINEST(Data!$I$3:I$322,Data!$W$3:AD$322,TRUE(),TRUE()),1,4)/INDEX(LINEST(Data!$I$3:I$322,Data!$W$3:AD$322,TRUE(),TRUE()),2,4)),INDEX(LINEST(Data!$I$3:I$322,Data!$W$3:AD$322,TRUE(),TRUE()),4,2),2),TDIST(ABS(INDEX(LINEST(Data!$I$3:I$322,Data!$W$3:AD$322,TRUE(),TRUE()),1,3)/INDEX(LINEST(Data!$I$3:I$322,Data!$W$3:AD$322,TRUE(),TRUE()),2,3)),INDEX(LINEST(Data!$I$3:I$322,Data!$W$3:AD$322,TRUE(),TRUE()),4,2),2),TDIST(ABS(INDEX(LINEST(Data!$I$3:I$322,Data!$W$3:AD$322,TRUE(),TRUE()),1,2)/INDEX(LINEST(Data!$I$3:I$322,Data!$W$3:AD$322,TRUE(),TRUE()),2,2)),INDEX(LINEST(Data!$I$3:I$322,Data!$W$3:AD$322,TRUE(),TRUE()),4,2),2),TDIST(ABS(INDEX(LINEST(Data!$I$3:I$322,Data!$W$3:AD$322,TRUE(),TRUE()),1,1)/INDEX(LINEST(Data!$I$3:I$322,Data!$W$3:AD$322,TRUE(),TRUE()),2,1)),INDEX(LINEST(Data!$I$3:I$322,Data!$W$3:AD$322,TRUE(),TRUE()),4,2),2))<0.05,"All terms significant","Mostly (1-2 terms not significant)") -> Mostly (1-2 terms not significant)
A14: FINAL MODEL SELECTED: Multiple 1 (Core) - see outputs/model_equations.md and analysis/model_comparison.md for full reasoning.
